url-student-wisconsin-00609,student
url-course-wisconsin-00213,course
url-faculty-wisconsin-00379,faculty
url-student-wisconsin-00570,student
url-department-wisconsin-01460,department
url-department-wisconsin-01464,department
url-student-wisconsin-00641,student
url-student-wisconsin-00664,student
url-faculty-wisconsin-00381,faculty
url-student-wisconsin-00632,student
url-student-wisconsin-00610,student
url-student-wisconsin-00662,student
url-student-wisconsin-00692,student
url-student-wisconsin-00658,student
url-student-wisconsin-00684,student
url-faculty-wisconsin-00410,faculty
url-course-wisconsin-00227,course
url-course-wisconsin-00167,course
url-student-wisconsin-00617,student
url-student-wisconsin-00721,student
url-department-wisconsin-01459,department
url-department-wisconsin-01476,department
url-student-wisconsin-00657,student
url-student-wisconsin-00703,student
url-student-wisconsin-00685,student
url-student-wisconsin-00606,student
url-faculty-wisconsin-00409,faculty
url-department-wisconsin-01472,department
url-student-wisconsin-00669,student
url-course-wisconsin-00202,course
url-course-wisconsin-00170,course
url-project-wisconsin-00444,project
url-course-wisconsin-00198,course
url-student-wisconsin-00714,student
url-project-wisconsin-00453,project
url-course-wisconsin-00236,course
url-department-wisconsin-01461,department
url-student-wisconsin-00573,student
url-department-wisconsin-01465,department
url-student-wisconsin-00693,student
url-student-wisconsin-00711,student
url-student-wisconsin-00649,student
url-student-wisconsin-00584,student
url-faculty-wisconsin-00391,faculty
url-student-wisconsin-00648,student
url-faculty-wisconsin-00398,faculty
url-course-wisconsin-00157,course
url-student-wisconsin-00578,student
url-course-wisconsin-00220,course
url-course-wisconsin-00212,course
url-course-wisconsin-00237,course
url-course-wisconsin-00179,course
url-faculty-wisconsin-00408,faculty
url-department-wisconsin-01458,department
url-student-wisconsin-00593,student
url-faculty-wisconsin-00400,faculty
url-department-wisconsin-01457,department
url-faculty-wisconsin-00389,faculty
url-student-wisconsin-00618,student
url-course-wisconsin-00178,course
url-course-wisconsin-00161,course
url-faculty-wisconsin-00399,faculty
url-project-wisconsin-00454,project
url-student-wisconsin-00704,student
url-student-wisconsin-00630,student
url-faculty-wisconsin-00407,faculty
url-department-wisconsin-01473,department
url-student-wisconsin-00706,student
url-student-wisconsin-00591,student
url-department-wisconsin-01493,department
url-project-wisconsin-00443,project
url-student-wisconsin-00709,student
url-faculty-wisconsin-00396,faculty
url-course-wisconsin-00201,course
url-staff-wisconsin-00542,staff
url-course-wisconsin-00162,course
url-faculty-wisconsin-00401,faculty
url-department-wisconsin-01483,department
url-student-wisconsin-00568,student
url-department-wisconsin-01477,department
url-student-wisconsin-00673,student
url-student-wisconsin-00597,student
url-staff-wisconsin-00550,staff
url-course-wisconsin-00183,course
url-student-wisconsin-00572,student
url-course-wisconsin-00238,course
url-student-wisconsin-00596,student
url-student-wisconsin-00579,student
url-course-wisconsin-00199,course
url-student-wisconsin-00720,student
url-staff-wisconsin-00548,staff
url-faculty-wisconsin-00405,faculty
url-project-wisconsin-00450,project
url-student-wisconsin-00666,student
url-course-wisconsin-00164,course
url-course-wisconsin-00235,course
url-student-wisconsin-00681,student
url-project-wisconsin-00457,project
url-course-wisconsin-00205,course
url-project-wisconsin-00447,project
url-student-wisconsin-00587,student
url-project-wisconsin-00464,project
url-department-wisconsin-01456,department
url-course-wisconsin-00215,course
url-course-wisconsin-00208,course
url-course-wisconsin-00195,course
url-faculty-wisconsin-00390,faculty
url-faculty-wisconsin-00397,faculty
url-student-wisconsin-00687,student
url-student-wisconsin-00691,student
url-department-wisconsin-01462,department
url-project-wisconsin-00440,project
url-department-wisconsin-01470,department
url-course-wisconsin-00231,course
url-student-wisconsin-00717,student
url-student-wisconsin-00614,student
url-department-wisconsin-01489,department
url-course-wisconsin-00234,course
url-student-wisconsin-00676,student
url-course-wisconsin-00182,course
url-student-wisconsin-00659,student
url-staff-wisconsin-00543,staff
url-department-wisconsin-01494,department
url-student-wisconsin-00686,student
url-course-wisconsin-00189,course
url-department-wisconsin-01474,department
url-student-wisconsin-00576,student
url-course-wisconsin-00177,course
url-student-wisconsin-00667,student
url-department-wisconsin-01453,department
url-student-wisconsin-00701,student
url-student-wisconsin-00650,student
url-faculty-wisconsin-00383,faculty
url-course-wisconsin-00239,course
url-project-wisconsin-00463,project
url-project-wisconsin-00442,project
url-student-wisconsin-00608,student
url-course-wisconsin-00204,course
url-student-wisconsin-00678,student
url-student-wisconsin-00639,student
url-faculty-wisconsin-00417,faculty
url-course-wisconsin-00163,course
url-student-wisconsin-00652,student
url-faculty-wisconsin-00418,faculty
url-department-wisconsin-01463,department
url-staff-wisconsin-00549,staff
url-course-wisconsin-00159,course
url-student-wisconsin-00586,student
url-course-wisconsin-00181,course
url-course-wisconsin-00214,course
url-project-wisconsin-00458,project
url-course-wisconsin-00218,course
url-student-wisconsin-00589,student
url-course-wisconsin-00228,course
url-faculty-wisconsin-00382,faculty
url-student-wisconsin-00598,student
url-student-wisconsin-00629,student
url-student-wisconsin-00679,student
url-student-wisconsin-00577,student
url-course-wisconsin-00203,course
url-course-wisconsin-00221,course
url-department-wisconsin-01471,department
url-course-wisconsin-00169,course
url-student-wisconsin-00615,student
url-course-wisconsin-00184,course
url-student-wisconsin-00716,student
url-student-wisconsin-00715,student
url-student-wisconsin-00694,student
url-student-wisconsin-00707,student
url-project-wisconsin-00452,project
url-course-wisconsin-00233,course
url-student-wisconsin-00702,student
url-project-wisconsin-00459,project
url-department-wisconsin-01475,department
url-student-wisconsin-00616,student
url-student-wisconsin-00653,student
url-project-wisconsin-00441,project
url-course-wisconsin-00176,course
url-student-wisconsin-00613,student
url-student-wisconsin-00595,student
url-student-wisconsin-00661,student
url-student-wisconsin-00623,student
url-department-wisconsin-01467,department
url-course-wisconsin-00175,course
url-student-wisconsin-00695,student
url-course-wisconsin-00197,course
url-course-wisconsin-00223,course
url-student-wisconsin-00627,student
url-department-wisconsin-01486,department
url-student-wisconsin-00665,student
url-student-wisconsin-00708,student
url-student-wisconsin-00712,student
url-faculty-wisconsin-00380,faculty
url-faculty-wisconsin-00413,faculty
url-department-wisconsin-01480,department
url-student-wisconsin-00710,student
url-student-wisconsin-00719,student
url-course-wisconsin-00232,course
url-student-wisconsin-00581,student
url-student-wisconsin-00588,student
url-department-wisconsin-01479,department
url-course-wisconsin-00187,course
url-course-wisconsin-00180,course
url-course-wisconsin-00190,course
url-student-wisconsin-00599,student
url-project-wisconsin-00445,project
url-student-wisconsin-00628,student
url-course-wisconsin-00217,course
url-faculty-wisconsin-00415,faculty
url-faculty-wisconsin-00388,faculty
url-faculty-wisconsin-00403,faculty
url-student-wisconsin-00671,student
url-student-wisconsin-00668,student
url-course-wisconsin-00155,course
url-student-wisconsin-00683,student
url-faculty-wisconsin-00385,faculty
url-student-wisconsin-00677,student
url-student-wisconsin-00635,student
url-course-wisconsin-00171,course
url-department-wisconsin-01455,department
url-staff-wisconsin-00566,staff
url-student-wisconsin-00636,student
url-student-wisconsin-00674,student
url-student-wisconsin-00688,student
url-department-wisconsin-01466,department
url-course-wisconsin-00207,course
url-student-wisconsin-00602,student
url-staff-wisconsin-00567,staff
url-student-wisconsin-00696,student
url-student-wisconsin-00705,student
url-faculty-wisconsin-00384,faculty
url-student-wisconsin-00660,student
url-course-wisconsin-00174,course
url-student-wisconsin-00690,student
url-department-wisconsin-01487,department
url-student-wisconsin-00626,student
url-student-wisconsin-00622,student
url-course-wisconsin-00194,course
url-course-wisconsin-00224,course
url-student-wisconsin-00700,student
url-staff-wisconsin-00546,staff
url-student-wisconsin-00575,student
url-project-wisconsin-00448,project
url-department-wisconsin-01481,department
url-student-wisconsin-00680,student
url-faculty-wisconsin-00414,faculty
url-student-wisconsin-00718,student
url-student-wisconsin-00644,student
url-faculty-wisconsin-00393,faculty
url-faculty-wisconsin-00378,faculty
url-student-wisconsin-00642,student
url-faculty-wisconsin-00387,faculty
url-faculty-wisconsin-00419,faculty
url-course-wisconsin-00188,course
url-student-wisconsin-00640,student
url-student-wisconsin-00651,student
url-course-wisconsin-00156,course
url-student-wisconsin-00580,student
url-course-wisconsin-00216,course
url-course-wisconsin-00209,course
url-department-wisconsin-01469,department
url-staff-wisconsin-00547,staff
url-student-wisconsin-00645,student
url-student-wisconsin-00637,student
url-department-wisconsin-01454,department
url-student-wisconsin-00607,student
url-student-wisconsin-00603,student
url-student-wisconsin-00697,student
url-student-wisconsin-00689,student
url-student-wisconsin-00670,student
url-course-wisconsin-00206,course
url-faculty-wisconsin-00404,faculty
url-project-wisconsin-00462,project
url-department-wisconsin-01488,department
url-student-wisconsin-00654,student
url-course-wisconsin-00185,course
url-student-wisconsin-00713,student
url-student-wisconsin-00594,student
url-student-wisconsin-00571,student
url-student-wisconsin-00663,student
url-student-wisconsin-00655,student
url-course-wisconsin-00230,course
url-student-wisconsin-00672,student
url-faculty-wisconsin-00412,faculty
url-course-wisconsin-00192,course
url-course-wisconsin-00173,course
url-course-wisconsin-00160,course
url-student-wisconsin-00619,student
url-student-wisconsin-00600,student
url-course-wisconsin-00225,course
url-student-wisconsin-00621,student
url-department-wisconsin-01484,department
url-student-wisconsin-00625,student
url-faculty-wisconsin-00406,faculty
url-course-wisconsin-00200,course
url-staff-wisconsin-00544,staff
url-student-wisconsin-00633,student
url-course-wisconsin-00172,course
url-student-wisconsin-00698,student
url-project-wisconsin-00455,project
url-student-wisconsin-00638,student
url-student-wisconsin-00604,student
url-course-wisconsin-00210,course
url-student-wisconsin-00569,student
url-project-wisconsin-00461,project
url-student-wisconsin-00583,student
url-course-wisconsin-00165,course
url-course-wisconsin-00229,course
url-student-wisconsin-00592,student
url-student-wisconsin-00647,student
url-course-wisconsin-00219,course
url-student-wisconsin-00722,student
url-faculty-wisconsin-00386,faculty
url-course-wisconsin-00222,course
url-department-wisconsin-01492,department
url-student-wisconsin-00643,student
url-project-wisconsin-00449,project
url-department-wisconsin-01490,department
url-course-wisconsin-00186,course
url-course-wisconsin-00191,course
url-student-wisconsin-00682,student
url-project-wisconsin-00451,project
url-project-wisconsin-00456,project
url-student-wisconsin-00590,student
url-student-wisconsin-00611,student
url-student-wisconsin-00631,student
url-student-wisconsin-00612,student
url-course-wisconsin-00166,course
url-course-wisconsin-00193,course
url-department-wisconsin-01485,department
url-course-wisconsin-00226,course
url-student-wisconsin-00624,student
url-student-wisconsin-00620,student
url-faculty-wisconsin-00402,faculty
url-student-wisconsin-00675,student
url-student-wisconsin-00699,student
url-student-wisconsin-00656,student
url-student-wisconsin-00605,student
url-project-wisconsin-00446,project
url-course-wisconsin-00211,course
url-student-wisconsin-00601,student
url-student-wisconsin-00723,student
url-project-wisconsin-00460,project
url-student-wisconsin-00634,student
url-staff-wisconsin-00565,staff
url-department-wisconsin-01491,department
url-student-wisconsin-00646,student
url-faculty-wisconsin-00392,faculty
url-staff-wisconsin-00545,staff
url-course-wisconsin-00158,course
url-student-wisconsin-00585,student
url-course-wisconsin-00196,course
url-student-wisconsin-00582,student
url-course-wisconsin-00168,course
