mid67864,NOTblockBuster
mid35750,NOTblockBuster
mid66597,NOTblockBuster
mid60357,NOTblockBuster
mid41698,NOTblockBuster
mid94374,NOTblockBuster
mid84469,NOTblockBuster
mid53788,NOTblockBuster
mid76867,blockBuster
mid59048,NOTblockBuster
mid76306,NOTblockBuster
mid84470,NOTblockBuster
mid34976,NOTblockBuster
mid46797,blockBuster
mid12682,blockBuster
mid31868,NOTblockBuster
mid89536,NOTblockBuster
mid69833,blockBuster
mid46108,NOTblockBuster
mid11468,blockBuster
mid75547,blockBuster
mid99826,NOTblockBuster
mid100008,NOTblockBuster
mid45686,blockBuster
mid13104,NOTblockBuster
mid99199,NOTblockBuster
mid31797,blockBuster
mid43249,NOTblockBuster
mid94866,NOTblockBuster
mid9116,blockBuster
mid22556,blockBuster
mid18430,NOTblockBuster
mid91903,blockBuster
mid55791,blockBuster
mid16189,NOTblockBuster
mid54065,NOTblockBuster
mid52790,blockBuster
mid53513,NOTblockBuster
mid53795,NOTblockBuster
mid31879,NOTblockBuster
mid83866,NOTblockBuster
mid46113,blockBuster
mid53516,blockBuster
mid20467,NOTblockBuster
mid82929,blockBuster
mid8005,NOTblockBuster
mid34395,NOTblockBuster
mid68873,blockBuster
mid101546,blockBuster
mid27873,NOTblockBuster
mid27100,NOTblockBuster
mid5649,blockBuster
mid684,NOTblockBuster
mid5573,blockBuster
mid87983,NOTblockBuster
mid91439,blockBuster
mid42972,NOTblockBuster
mid60567,NOTblockBuster
mid87633,NOTblockBuster
mid39553,NOTblockBuster
mid56706,NOTblockBuster
mid76879,blockBuster
mid57300,blockBuster
mid82934,NOTblockBuster
mid80172,NOTblockBuster
mid102666,NOTblockBuster
mid74959,blockBuster
mid82937,NOTblockBuster
mid10863,NOTblockBuster
mid36121,NOTblockBuster
mid45017,blockBuster
mid95267,blockBuster
mid9121,blockBuster
mid61607,NOTblockBuster
mid100968,blockBuster
mid30165,NOTblockBuster
mid13117,NOTblockBuster
mid36770,NOTblockBuster
mid13118,NOTblockBuster
mid88386,NOTblockBuster
mid77152,blockBuster
mid53797,blockBuster
mid90145,NOTblockBuster
mid60570,NOTblockBuster
mid53521,NOTblockBuster
mid90469,NOTblockBuster
mid83554,NOTblockBuster
mid35371,blockBuster
mid86380,blockBuster
mid78639,NOTblockBuster
mid82631,NOTblockBuster
mid69190,NOTblockBuster
mid12910,NOTblockBuster
mid100046,NOTblockBuster
mid72576,blockBuster
mid48833,NOTblockBuster
mid65277,blockBuster
mid85277,blockBuster
mid92314,NOTblockBuster
mid70282,NOTblockBuster
mid24299,blockBuster
mid19477,NOTblockBuster
mid98144,NOTblockBuster
mid88391,NOTblockBuster
mid5297,NOTblockBuster
mid59796,NOTblockBuster
mid87688,NOTblockBuster
mid39325,NOTblockBuster
mid39820,NOTblockBuster
mid59797,blockBuster
mid87304,NOTblockBuster
mid53808,blockBuster
mid72058,blockBuster
mid42120,blockBuster
mid37638,NOTblockBuster
mid58473,NOTblockBuster
mid52274,blockBuster
mid49151,blockBuster
mid68919,blockBuster
mid27502,blockBuster
mid78371,NOTblockBuster
mid30419,NOTblockBuster
mid1591,blockBuster
mid63943,blockBuster
mid9715,NOTblockBuster
mid71703,NOTblockBuster
mid30172,blockBuster
mid98508,NOTblockBuster
mid19759,NOTblockBuster
mid50710,blockBuster
mid87692,NOTblockBuster
mid21072,blockBuster
mid75996,blockBuster
mid85970,blockBuster
mid14192,NOTblockBuster
mid76000,blockBuster
mid85972,NOTblockBuster
mid35379,NOTblockBuster
mid31423,NOTblockBuster
mid8012,NOTblockBuster
mid82946,NOTblockBuster
mid82636,blockBuster
mid34742,blockBuster
mid11954,blockBuster
mid68887,blockBuster
mid26856,blockBuster
mid13501,NOTblockBuster
mid28224,blockBuster
mid82639,NOTblockBuster
mid98926,NOTblockBuster
mid64260,NOTblockBuster
mid88451,NOTblockBuster
mid6291,NOTblockBuster
mid20057,NOTblockBuster
mid25189,NOTblockBuster
mid93074,NOTblockBuster
mid77201,NOTblockBuster
mid25190,NOTblockBuster
mid93387,NOTblockBuster
mid3627,blockBuster
mid39376,NOTblockBuster
mid49797,NOTblockBuster
mid12387,NOTblockBuster
mid31938,blockBuster
mid89357,NOTblockBuster
mid3631,blockBuster
mid90156,blockBuster
mid11956,NOTblockBuster
mid6645,blockBuster
mid36469,blockBuster
mid101317,blockBuster
mid32654,blockBuster
mid32606,NOTblockBuster
mid32607,NOTblockBuster
mid70680,blockBuster
mid91981,NOTblockBuster
mid40888,blockBuster
mid28450,NOTblockBuster
mid63254,NOTblockBuster
mid57655,NOTblockBuster
mid484,NOTblockBuster
mid66062,NOTblockBuster
mid39871,blockBuster
mid59124,blockBuster
mid22586,NOTblockBuster
mid93393,NOTblockBuster
mid84770,NOTblockBuster
mid16223,NOTblockBuster
mid59802,NOTblockBuster
mid91208,blockBuster
mid100337,NOTblockBuster
mid58480,blockBuster
mid52844,blockBuster
mid86084,NOTblockBuster
mid36778,NOTblockBuster
mid52846,NOTblockBuster
mid83298,NOTblockBuster
mid48900,NOTblockBuster
mid45431,NOTblockBuster
mid70729,blockBuster
mid36211,NOTblockBuster
mid49161,blockBuster
mid42129,blockBuster
mid41854,NOTblockBuster
mid74653,blockBuster
mid61344,blockBuster
mid57410,blockBuster
mid32877,NOTblockBuster
mid91475,blockBuster
mid101051,NOTblockBuster
mid26542,blockBuster
mid43582,NOTblockBuster
mid21154,NOTblockBuster
mid21824,blockBuster
mid59132,blockBuster
mid50723,blockBuster
mid52603,NOTblockBuster
mid42198,NOTblockBuster
mid101321,blockBuster
mid50909,blockBuster
mid45438,blockBuster
mid10888,NOTblockBuster
mid12978,blockBuster
mid57723,NOTblockBuster
mid77684,blockBuster
mid29897,NOTblockBuster
mid87325,NOTblockBuster
mid87327,NOTblockBuster
mid18523,NOTblockBuster
mid56151,NOTblockBuster
mid53546,NOTblockBuster
mid86462,NOTblockBuster
mid68964,NOTblockBuster
mid72966,blockBuster
mid12403,NOTblockBuster
mid20577,NOTblockBuster
mid53160,NOTblockBuster
mid83304,blockBuster
mid12980,NOTblockBuster
mid18470,NOTblockBuster
mid65919,blockBuster
mid10250,NOTblockBuster
mid83307,blockBuster
mid68929,blockBuster
mid50958,NOTblockBuster
mid9498,NOTblockBuster
mid81801,NOTblockBuster
mid58042,blockBuster
mid36225,blockBuster
mid77687,blockBuster
mid23954,blockBuster
mid43653,NOTblockBuster
mid29899,NOTblockBuster
mid57727,blockBuster
mid93730,NOTblockBuster
mid29546,NOTblockBuster
mid495,blockBuster
mid92042,blockBuster
mid15385,blockBuster
mid16312,NOTblockBuster
mid32378,blockBuster
mid16313,blockBuster
mid76318,NOTblockBuster
mid39579,blockBuster
mid23007,NOTblockBuster
mid50793,NOTblockBuster
mid38349,blockBuster
mid86471,blockBuster
mid58831,NOTblockBuster
mid38635,blockBuster
mid53870,NOTblockBuster
mid36786,NOTblockBuster
mid31661,NOTblockBuster
mid12986,NOTblockBuster
mid2720,NOTblockBuster
mid74047,NOTblockBuster
mid72389,NOTblockBuster
mid99865,NOTblockBuster
mid101121,NOTblockBuster
mid32947,blockBuster
mid1614,NOTblockBuster
mid4573,blockBuster
mid32662,blockBuster
mid6096,NOTblockBuster
mid84902,NOTblockBuster
mid92046,blockBuster
mid84204,NOTblockBuster
mid93683,NOTblockBuster
mid83885,NOTblockBuster
mid53164,NOTblockBuster
mid71510,NOTblockBuster
mid48912,blockBuster
mid61426,NOTblockBuster
mid16446,blockBuster
mid82065,NOTblockBuster
mid84989,NOTblockBuster
mid88807,NOTblockBuster
mid70372,blockBuster
mid56782,blockBuster
mid61363,blockBuster
mid27534,blockBuster
mid61072,blockBuster
mid98597,NOTblockBuster
mid29912,blockBuster
mid101129,NOTblockBuster
mid92053,NOTblockBuster
mid57414,blockBuster
mid94473,blockBuster
mid41860,NOTblockBuster
mid38972,NOTblockBuster
mid15669,NOTblockBuster
mid38973,blockBuster
mid38392,NOTblockBuster
mid53559,blockBuster
mid84210,NOTblockBuster
mid88106,NOTblockBuster
mid12410,blockBuster
mid24565,blockBuster
mid75432,NOTblockBuster
mid55287,blockBuster
mid20592,blockBuster
mid86479,NOTblockBuster
mid86480,NOTblockBuster
mid52371,blockBuster
mid33833,NOTblockBuster
mid48914,NOTblockBuster
mid83580,NOTblockBuster
mid71519,NOTblockBuster
mid42520,NOTblockBuster
mid99314,blockBuster
mid97308,blockBuster
mid81504,NOTblockBuster
mid100850,blockBuster
mid101713,NOTblockBuster
mid97315,blockBuster
mid9186,NOTblockBuster
mid95350,NOTblockBuster
mid43037,NOTblockBuster
mid80611,blockBuster
mid83953,blockBuster
mid60155,blockBuster
mid8147,NOTblockBuster
mid75724,blockBuster
mid75725,blockBuster
mid38045,blockBuster
mid999,blockBuster
mid48919,blockBuster
mid36807,NOTblockBuster
mid74109,NOTblockBuster
mid96750,NOTblockBuster
mid64704,blockBuster
mid41328,NOTblockBuster
mid51048,NOTblockBuster
mid13025,blockBuster
mid75391,NOTblockBuster
mid6722,blockBuster
mid77406,NOTblockBuster
mid1001,NOTblockBuster
mid81506,NOTblockBuster
mid6148,blockBuster
mid97955,NOTblockBuster
mid47150,NOTblockBuster
mid44190,NOTblockBuster
mid57741,blockBuster
mid101722,blockBuster
mid91238,blockBuster
mid57421,blockBuster
mid19182,NOTblockBuster
mid26613,NOTblockBuster
mid38396,NOTblockBuster
mid16332,NOTblockBuster
mid8482,NOTblockBuster
mid37766,NOTblockBuster
mid83669,blockBuster
mid3406,NOTblockBuster
mid13866,blockBuster
mid72136,blockBuster
mid86770,NOTblockBuster
mid8153,blockBuster
mid72988,NOTblockBuster
mid99657,NOTblockBuster
mid51272,NOTblockBuster
mid16507,blockBuster
mid47569,NOTblockBuster
mid50981,NOTblockBuster
mid9890,NOTblockBuster
mid92690,NOTblockBuster
mid101412,blockBuster
mid73848,NOTblockBuster
mid41273,blockBuster
mid946,blockBuster
mid61041,blockBuster
mid67097,NOTblockBuster
mid57141,blockBuster
mid60496,NOTblockBuster
mid54209,NOTblockBuster
mid40407,blockBuster
mid28493,NOTblockBuster
mid54211,NOTblockBuster
mid87349,NOTblockBuster
mid75767,NOTblockBuster
mid69293,NOTblockBuster
mid14668,NOTblockBuster
mid13915,blockBuster
mid1731,NOTblockBuster
mid13916,NOTblockBuster
mid36286,blockBuster
mid101733,blockBuster
mid99012,blockBuster
mid6155,blockBuster
mid99013,NOTblockBuster
mid88525,blockBuster
mid56530,NOTblockBuster
mid63288,blockBuster
mid50249,NOTblockBuster
mid96929,NOTblockBuster
mid91766,NOTblockBuster
mid102505,NOTblockBuster
mid65408,blockBuster
mid18203,NOTblockBuster
mid7781,NOTblockBuster
mid81567,NOTblockBuster
mid10579,blockBuster
mid16799,NOTblockBuster
mid13035,NOTblockBuster
mid30634,blockBuster
mid101196,NOTblockBuster
mid81571,blockBuster
mid27261,NOTblockBuster
mid36296,NOTblockBuster
mid9901,blockBuster
mid54564,NOTblockBuster
mid70452,NOTblockBuster
mid30282,blockBuster
mid9258,blockBuster
mid92156,NOTblockBuster
mid63294,blockBuster
mid39910,blockBuster
mid24736,blockBuster
mid25016,NOTblockBuster
mid12148,blockBuster
mid91250,NOTblockBuster
mid90389,NOTblockBuster
mid75836,NOTblockBuster
mid53266,blockBuster
mid90974,blockBuster
mid54719,NOTblockBuster
mid32073,blockBuster
mid8489,NOTblockBuster
mid71863,blockBuster
mid10637,blockBuster
mid100413,blockBuster
mid60841,NOTblockBuster
mid65056,blockBuster
mid65057,blockBuster
mid35983,blockBuster
mid100861,NOTblockBuster
mid95742,NOTblockBuster
mid5007,blockBuster
mid94155,NOTblockBuster
mid98389,blockBuster
mid63298,blockBuster
mid94490,blockBuster
mid60776,blockBuster
mid20304,NOTblockBuster
mid50518,blockBuster
mid34252,NOTblockBuster
mid69727,NOTblockBuster
mid84929,NOTblockBuster
mid20241,blockBuster
mid85123,NOTblockBuster
mid50264,NOTblockBuster
mid85446,NOTblockBuster
mid58634,NOTblockBuster
mid81862,blockBuster
mid10643,NOTblockBuster
mid100418,NOTblockBuster
mid13648,NOTblockBuster
mid102171,NOTblockBuster
mid66761,blockBuster
mid29641,blockBuster
mid23806,NOTblockBuster
mid5436,NOTblockBuster
mid24751,NOTblockBuster
mid54222,NOTblockBuster
mid13982,blockBuster
mid17167,blockBuster
mid50462,NOTblockBuster
mid84027,blockBuster
mid27992,NOTblockBuster
mid2124,blockBuster
mid36348,NOTblockBuster
mid96493,blockBuster
mid60852,blockBuster
mid66769,blockBuster
mid9624,blockBuster
mid44213,NOTblockBuster
mid51083,NOTblockBuster
mid64097,NOTblockBuster
mid63306,NOTblockBuster
mid91834,NOTblockBuster
mid20173,NOTblockBuster
mid32171,NOTblockBuster
mid76189,NOTblockBuster
mid76439,blockBuster
mid84028,NOTblockBuster
mid53703,NOTblockBuster
mid19213,NOTblockBuster
mid84030,NOTblockBuster
mid46686,NOTblockBuster
mid38138,NOTblockBuster
mid10647,NOTblockBuster
mid41629,NOTblockBuster
mid33376,NOTblockBuster
mid68100,NOTblockBuster
mid80344,NOTblockBuster
mid47654,NOTblockBuster
mid27671,NOTblockBuster
mid65425,blockBuster
mid43448,blockBuster
mid13048,NOTblockBuster
mid31219,NOTblockBuster
mid29650,blockBuster
mid60854,blockBuster
mid46832,blockBuster
mid70810,NOTblockBuster
mid53903,NOTblockBuster
mid39966,NOTblockBuster
mid87421,blockBuster
mid20673,NOTblockBuster
mid87841,blockBuster
mid60510,NOTblockBuster
mid7787,blockBuster
mid74751,NOTblockBuster
mid34266,NOTblockBuster
mid99153,NOTblockBuster
mid64817,NOTblockBuster
mid101881,NOTblockBuster
mid81877,blockBuster
mid98005,NOTblockBuster
mid99101,NOTblockBuster
mid98407,NOTblockBuster
mid9635,blockBuster
mid94242,NOTblockBuster
mid91308,NOTblockBuster
mid25121,blockBuster
mid28977,blockBuster
mid94501,NOTblockBuster
mid23821,blockBuster
mid90731,NOTblockBuster
mid77399,NOTblockBuster
mid16032,NOTblockBuster
mid46378,blockBuster
mid89165,blockBuster
mid86835,NOTblockBuster
mid17997,NOTblockBuster
mid74756,blockBuster
mid48338,NOTblockBuster
mid13687,NOTblockBuster
mid45210,blockBuster
mid99393,blockBuster
mid44345,NOTblockBuster
mid13944,NOTblockBuster
mid91362,NOTblockBuster
mid22385,NOTblockBuster
mid98012,NOTblockBuster
mid60516,blockBuster
mid57176,NOTblockBuster
mid29657,NOTblockBuster
mid25998,NOTblockBuster
mid58157,blockBuster
mid43073,NOTblockBuster
mid87849,blockBuster
mid87850,NOTblockBuster
mid81052,blockBuster
mid4158,NOTblockBuster
mid84301,blockBuster
mid53907,NOTblockBuster
mid44937,NOTblockBuster
mid33985,NOTblockBuster
mid85144,blockBuster
mid10085,NOTblockBuster
mid10086,NOTblockBuster
mid43871,blockBuster
mid95182,NOTblockBuster
mid31471,NOTblockBuster
mid33392,NOTblockBuster
mid29664,NOTblockBuster
mid91081,NOTblockBuster
mid60260,NOTblockBuster
mid56645,NOTblockBuster
mid26001,NOTblockBuster
mid83814,blockBuster
mid53712,NOTblockBuster
mid53374,NOTblockBuster
mid93540,NOTblockBuster
mid4731,blockBuster
mid80999,NOTblockBuster
mid7493,NOTblockBuster
mid83820,blockBuster
mid4173,blockBuster
mid46711,NOTblockBuster
mid68118,NOTblockBuster
mid67178,NOTblockBuster
mid19626,blockBuster
mid32472,blockBuster
mid22769,blockBuster
mid98019,blockBuster
mid94542,NOTblockBuster
mid43884,NOTblockBuster
mid73165,blockBuster
mid73166,NOTblockBuster
mid50596,NOTblockBuster
mid56866,NOTblockBuster
mid38485,NOTblockBuster
mid17523,NOTblockBuster
mid38807,blockBuster
mid3889,NOTblockBuster
mid81014,NOTblockBuster
mid102944,NOTblockBuster
mid1893,NOTblockBuster
mid10094,NOTblockBuster
mid54790,NOTblockBuster
mid99964,blockBuster
mid85212,blockBuster
mid37165,blockBuster
mid73961,blockBuster
mid102568,blockBuster
mid49682,NOTblockBuster
mid61227,NOTblockBuster
mid7182,blockBuster
mid5872,blockBuster
mid77873,blockBuster
mid77874,blockBuster
mid99738,NOTblockBuster
mid7183,blockBuster
mid98097,NOTblockBuster
mid57546,NOTblockBuster
mid58697,blockBuster
mid28687,NOTblockBuster
mid53387,NOTblockBuster
mid14761,blockBuster
mid31814,blockBuster
mid71367,NOTblockBuster
mid45302,blockBuster
mid68824,blockBuster
mid13450,blockBuster
mid46911,NOTblockBuster
mid100916,NOTblockBuster
mid77806,NOTblockBuster
mid41430,blockBuster
mid92795,NOTblockBuster
mid43213,NOTblockBuster
mid16149,NOTblockBuster
mid57248,blockBuster
mid46856,NOTblockBuster
mid24395,NOTblockBuster
mid19642,NOTblockBuster
mid84686,NOTblockBuster
mid39774,NOTblockBuster
mid93013,NOTblockBuster
mid38216,NOTblockBuster
mid11493,NOTblockBuster
mid100016,blockBuster
mid3892,NOTblockBuster
mid102357,NOTblockBuster
mid99747,NOTblockBuster
mid65573,blockBuster
mid77883,blockBuster
mid611,blockBuster
mid58279,blockBuster
mid5180,NOTblockBuster
mid13455,NOTblockBuster
mid84621,NOTblockBuster
mid93916,blockBuster
mid75219,blockBuster
mid3933,NOTblockBuster
mid53092,NOTblockBuster
mid48774,blockBuster
mid82293,NOTblockBuster
mid20697,blockBuster
mid74851,NOTblockBuster
mid96624,NOTblockBuster
mid31533,blockBuster
mid71662,NOTblockBuster
mid36701,NOTblockBuster
mid1913,blockBuster
mid43903,blockBuster
mid99976,blockBuster
mid2152,blockBuster
mid1529,NOTblockBuster
mid58284,NOTblockBuster
mid31000,blockBuster
mid100655,blockBuster
mid91921,NOTblockBuster
mid40522,blockBuster
mid76890,blockBuster
mid46919,NOTblockBuster
mid58292,NOTblockBuster
mid26110,blockBuster
mid43471,NOTblockBuster
mid4356,NOTblockBuster
mid85572,blockBuster
mid57922,blockBuster
mid37289,NOTblockBuster
mid37893,NOTblockBuster
mid50360,blockBuster
mid3198,NOTblockBuster
mid17333,NOTblockBuster
mid84384,blockBuster
mid7518,blockBuster
mid51183,NOTblockBuster
mid697,blockBuster
mid81265,NOTblockBuster
mid31752,NOTblockBuster
mid48784,blockBuster
mid12879,blockBuster
mid100715,NOTblockBuster
mid79491,blockBuster
mid51531,NOTblockBuster
mid79492,blockBuster
mid7268,blockBuster
mid9362,NOTblockBuster
mid620,NOTblockBuster
mid12820,NOTblockBuster
mid23310,NOTblockBuster
mid40524,NOTblockBuster
mid66328,NOTblockBuster
mid59755,blockBuster
mid66894,NOTblockBuster
mid26071,blockBuster
mid19657,blockBuster
mid5191,blockBuster
mid60272,NOTblockBuster
mid74606,blockBuster
mid14107,blockBuster
mid37004,NOTblockBuster
mid81683,blockBuster
mid51589,NOTblockBuster
mid7521,NOTblockBuster
mid100019,NOTblockBuster
mid92920,blockBuster
mid46924,blockBuster
mid88405,NOTblockBuster
mid44369,NOTblockBuster
mid88406,blockBuster
mid30137,blockBuster
mid5544,blockBuster
mid61261,blockBuster
mid77164,blockBuster
mid95591,NOTblockBuster
mid56946,blockBuster
mid52218,blockBuster
mid82957,NOTblockBuster
mid85292,blockBuster
mid24418,NOTblockBuster
mid31575,blockBuster
mid86280,NOTblockBuster
mid52487,NOTblockBuster
mid37606,NOTblockBuster
mid36090,blockBuster
mid50841,NOTblockBuster
mid36719,blockBuster
mid40577,blockBuster
mid41742,blockBuster
mid63561,blockBuster
mid60893,blockBuster
mid91644,NOTblockBuster
mid63564,NOTblockBuster
mid32275,NOTblockBuster
mid61578,blockBuster
mid39221,NOTblockBuster
mid19969,blockBuster
mid324,blockBuster
mid26123,blockBuster
mid24420,blockBuster
mid21791,NOTblockBuster
mid82959,blockBuster
mid9736,NOTblockBuster
mid86282,NOTblockBuster
mid36153,NOTblockBuster
mid37304,NOTblockBuster
mid7603,blockBuster
mid52492,NOTblockBuster
mid2280,NOTblockBuster
mid70599,NOTblockBuster
mid33097,NOTblockBuster
mid68857,NOTblockBuster
mid26750,blockBuster
mid5619,blockBuster
mid41191,NOTblockBuster
mid24808,NOTblockBuster
mid49170,NOTblockBuster
mid34413,blockBuster
mid86346,NOTblockBuster
mid36157,NOTblockBuster
mid79341,blockBuster
mid7330,blockBuster
mid45043,blockBuster
mid94407,blockBuster
mid16254,blockBuster
mid43933,blockBuster
mid91654,NOTblockBuster
mid25901,blockBuster
mid39838,NOTblockBuster
mid58489,NOTblockBuster
mid12732,NOTblockBuster
mid19096,NOTblockBuster
mid24890,blockBuster
mid88360,NOTblockBuster
mid3265,blockBuster
mid84454,NOTblockBuster
mid49175,NOTblockBuster
mid28246,NOTblockBuster
mid84941,NOTblockBuster
mid68600,NOTblockBuster
mid99593,NOTblockBuster
mid31345,NOTblockBuster
mid6317,blockBuster
mid51609,NOTblockBuster
mid74345,NOTblockBuster
mid74346,blockBuster
mid70689,NOTblockBuster
mid14119,NOTblockBuster
mid45054,blockBuster
mid70038,blockBuster
mid81356,NOTblockBuster
mid40645,NOTblockBuster
mid26564,blockBuster
mid32839,blockBuster
mid99236,NOTblockBuster
mid40597,blockBuster
mid37647,NOTblockBuster
mid15957,NOTblockBuster
mid55781,NOTblockBuster
mid55816,NOTblockBuster
mid56114,NOTblockBuster
mid17411,NOTblockBuster
mid86000,blockBuster
mid58443,blockBuster
mid85637,NOTblockBuster
mid11185,blockBuster
mid45737,NOTblockBuster
mid7680,blockBuster
mid71725,NOTblockBuster
mid17364,blockBuster
mid37321,blockBuster
mid68607,NOTblockBuster
mid33482,blockBuster
mid98899,NOTblockBuster
mid46097,blockBuster
mid28184,NOTblockBuster
mid8875,NOTblockBuster
mid67286,blockBuster
mid48433,NOTblockBuster
mid101283,blockBuster
mid26478,blockBuster
mid60391,blockBuster
mid92942,blockBuster
mid54380,NOTblockBuster
mid95240,NOTblockBuster
mid346,blockBuster
mid63217,NOTblockBuster
mid86004,blockBuster
mid15908,blockBuster
mid15615,NOTblockBuster
mid46098,NOTblockBuster
mid85603,NOTblockBuster
mid74944,NOTblockBuster
mid8313,NOTblockBuster
mid13227,NOTblockBuster
mid42148,blockBuster
mid70697,blockBuster
mid13524,blockBuster
mid42404,NOTblockBuster
mid30447,blockBuster
mid32905,NOTblockBuster
mid25217,blockBuster
mid19793,blockBuster
mid8879,NOTblockBuster
mid45065,NOTblockBuster
mid88688,NOTblockBuster
mid60913,blockBuster
mid3666,blockBuster
mid77183,blockBuster
mid15154,blockBuster
mid83539,NOTblockBuster
mid38258,NOTblockBuster
mid93060,NOTblockBuster
mid38939,blockBuster
mid11586,blockBuster
mid11250,blockBuster
mid34509,blockBuster
mid11589,NOTblockBuster
mid79961,blockBuster
mid9188,blockBuster
mid79962,blockBuster
mid99604,blockBuster
mid29223,blockBuster
mid30221,NOTblockBuster
mid91957,blockBuster
mid104123,NOTblockBuster
mid77245,NOTblockBuster
mid17417,NOTblockBuster
mid2740,blockBuster
mid79963,blockBuster
mid2741,blockBuster
mid82713,NOTblockBuster
mid36249,NOTblockBuster
mid55824,blockBuster
mid16404,NOTblockBuster
mid76609,NOTblockBuster
mid36510,blockBuster
mid99606,blockBuster
mid78990,NOTblockBuster
mid52253,NOTblockBuster
mid79354,NOTblockBuster
mid79355,blockBuster
mid67040,blockBuster
mid761,NOTblockBuster
mid77648,NOTblockBuster
mid54113,blockBuster
mid18160,NOTblockBuster
mid16461,NOTblockBuster
mid72402,NOTblockBuster
mid6683,blockBuster
mid72931,NOTblockBuster
mid83284,blockBuster
mid2748,blockBuster
mid3020,blockBuster
mid79357,blockBuster
mid8940,blockBuster
mid36257,NOTblockBuster
mid79360,NOTblockBuster
mid95994,NOTblockBuster
mid48527,NOTblockBuster
mid9195,NOTblockBuster
mid5778,NOTblockBuster
mid84873,blockBuster
mid8895,NOTblockBuster
mid43317,blockBuster
mid88486,NOTblockBuster
mid97553,NOTblockBuster
mid460,blockBuster
mid12100,NOTblockBuster
mid28436,blockBuster
mid35408,NOTblockBuster
mid46555,NOTblockBuster
mid19748,NOTblockBuster
mid69612,blockBuster
mid79998,blockBuster
mid12424,blockBuster
mid16733,blockBuster
mid86033,blockBuster
mid75094,NOTblockBuster
mid13544,blockBuster
mid38319,NOTblockBuster
mid84959,NOTblockBuster
mid96711,blockBuster
mid45541,NOTblockBuster
mid48938,NOTblockBuster
mid71044,blockBuster
mid31930,NOTblockBuster
mid41878,blockBuster
mid71051,blockBuster
mid61310,NOTblockBuster
mid27157,NOTblockBuster
mid67346,NOTblockBuster
mid67347,blockBuster
mid91773,blockBuster
mid38667,NOTblockBuster
mid66706,NOTblockBuster
mid28440,NOTblockBuster
mid21811,NOTblockBuster
mid25929,blockBuster
mid72708,blockBuster
mid20879,NOTblockBuster
mid89337,NOTblockBuster
mid51287,blockBuster
mid38321,blockBuster
mid102461,NOTblockBuster
mid13244,NOTblockBuster
mid35922,blockBuster
mid23965,blockBuster
mid42996,blockBuster
mid97919,NOTblockBuster
mid67055,blockBuster
mid25932,blockBuster
mid86514,NOTblockBuster
mid75403,NOTblockBuster
mid31150,NOTblockBuster
mid86741,blockBuster
mid84535,NOTblockBuster
mid12372,NOTblockBuster
mid51995,blockBuster
mid102107,NOTblockBuster
mid16475,NOTblockBuster
mid9208,NOTblockBuster
mid13297,NOTblockBuster
mid40970,blockBuster
mid68690,blockBuster
mid8957,blockBuster
mid44468,blockBuster
mid95368,NOTblockBuster
mid57755,NOTblockBuster
mid88774,NOTblockBuster
mid92629,NOTblockBuster
mid76337,NOTblockBuster
mid18564,NOTblockBuster
mid23049,blockBuster
mid23050,NOTblockBuster
mid93121,NOTblockBuster
mid86744,NOTblockBuster
mid11692,NOTblockBuster
mid51654,NOTblockBuster
mid55622,NOTblockBuster
mid35430,blockBuster
mid30579,blockBuster
mid81529,NOTblockBuster
mid51010,NOTblockBuster
mid92095,NOTblockBuster
mid61397,NOTblockBuster
mid71078,NOTblockBuster
mid94742,blockBuster
mid28515,blockBuster
mid53583,blockBuster
mid23055,blockBuster
mid94746,blockBuster
mid4049,blockBuster
mid83975,blockBuster
mid35431,NOTblockBuster
mid36586,NOTblockBuster
mid49919,NOTblockBuster
mid35099,blockBuster
mid75112,blockBuster
mid42244,blockBuster
mid2016,NOTblockBuster
mid83631,blockBuster
mid65959,NOTblockBuster
mid8407,NOTblockBuster
mid30853,blockBuster
mid78473,blockBuster
mid52337,NOTblockBuster
mid100191,blockBuster
mid33573,NOTblockBuster
mid103202,blockBuster
mid9850,NOTblockBuster
mid61659,NOTblockBuster
mid42189,NOTblockBuster
mid43698,NOTblockBuster
mid41891,NOTblockBuster
mid70175,NOTblockBuster
mid888,blockBuster
mid91261,NOTblockBuster
mid28520,blockBuster
mid84886,NOTblockBuster
mid83683,NOTblockBuster
mid69330,blockBuster
mid3428,NOTblockBuster
mid35106,NOTblockBuster
mid80897,NOTblockBuster
mid100195,blockBuster
mid13615,blockBuster
mid12120,blockBuster
mid80012,NOTblockBuster
mid32175,NOTblockBuster
mid61104,blockBuster
mid99042,NOTblockBuster
mid27287,NOTblockBuster
mid35940,NOTblockBuster
mid97293,blockBuster
mid84890,NOTblockBuster
mid97933,NOTblockBuster
mid3431,NOTblockBuster
mid84251,NOTblockBuster
mid53597,blockBuster
mid38144,blockBuster
mid3434,NOTblockBuster
mid32040,NOTblockBuster
mid72465,blockBuster
mid75468,blockBuster
mid85092,NOTblockBuster
mid42253,NOTblockBuster
mid65022,blockBuster
mid82116,NOTblockBuster
mid70814,NOTblockBuster
mid13313,blockBuster
mid85030,blockBuster
mid92460,blockBuster
mid71156,NOTblockBuster
mid31987,blockBuster
mid70776,blockBuster
mid95712,blockBuster
mid30863,NOTblockBuster
mid102125,blockBuster
mid36544,NOTblockBuster
mid976,blockBuster
mid91271,NOTblockBuster
mid5380,NOTblockBuster
mid87433,NOTblockBuster
mid80953,NOTblockBuster
mid94751,blockBuster
mid59223,blockBuster
mid90983,blockBuster
mid4068,NOTblockBuster
mid76693,blockBuster
mid21942,blockBuster
mid39479,NOTblockBuster
mid33942,NOTblockBuster
mid2424,NOTblockBuster
mid74428,blockBuster
mid72168,NOTblockBuster
mid38086,blockBuster
mid41355,NOTblockBuster
mid85040,blockBuster
mid40740,NOTblockBuster
mid30320,blockBuster
mid23830,blockBuster
mid18640,NOTblockBuster
mid28933,blockBuster
mid91274,blockBuster
mid66115,NOTblockBuster
mid26324,NOTblockBuster
mid18281,NOTblockBuster
mid87154,blockBuster
mid35221,NOTblockBuster
mid17128,NOTblockBuster
mid4079,NOTblockBuster
mid35222,blockBuster
mid58948,blockBuster
mid87112,blockBuster
mid86188,blockBuster
mid69682,NOTblockBuster
mid31476,NOTblockBuster
mid33652,blockBuster
mid58660,NOTblockBuster
mid85098,NOTblockBuster
mid10615,blockBuster
mid79386,blockBuster
mid34217,blockBuster
mid45975,blockBuster
mid85415,NOTblockBuster
mid64736,blockBuster
mid61479,NOTblockBuster
mid81604,blockBuster
mid13320,NOTblockBuster
mid30608,NOTblockBuster
mid41360,blockBuster
mid13628,NOTblockBuster
mid97661,NOTblockBuster
mid6401,blockBuster
mid20148,blockBuster
mid42750,NOTblockBuster
mid16046,blockBuster
mid84312,NOTblockBuster
mid42751,NOTblockBuster
mid4179,blockBuster
mid59566,NOTblockBuster
mid4180,blockBuster
mid18285,blockBuster
mid4181,NOTblockBuster
mid56279,NOTblockBuster
mid89435,NOTblockBuster
mid56217,NOTblockBuster
mid52029,NOTblockBuster
mid18246,blockBuster
mid74770,NOTblockBuster
mid46585,NOTblockBuster
mid45981,NOTblockBuster
mid33596,blockBuster
mid99364,NOTblockBuster
mid96082,blockBuster
mid25965,blockBuster
mid16049,NOTblockBuster
mid90990,blockBuster
mid4185,blockBuster
mid58329,blockBuster
mid35228,blockBuster
mid86555,blockBuster
mid100443,blockBuster
mid35519,NOTblockBuster
mid44596,blockBuster
mid36605,NOTblockBuster
mid100211,NOTblockBuster
mid82414,blockBuster
mid96083,blockBuster
mid67774,blockBuster
mid36014,blockBuster
mid94511,NOTblockBuster
mid99060,NOTblockBuster
mid96092,NOTblockBuster
mid26703,blockBuster
mid97003,NOTblockBuster
mid58124,NOTblockBuster
mid66174,NOTblockBuster
mid95138,NOTblockBuster
mid77108,NOTblockBuster
mid86200,NOTblockBuster
mid35230,blockBuster
mid50222,blockBuster
mid80971,blockBuster
mid4092,NOTblockBuster
mid21302,blockBuster
mid4192,NOTblockBuster
mid13963,NOTblockBuster
mid84004,NOTblockBuster
mid14990,NOTblockBuster
mid10621,NOTblockBuster
mid30371,blockBuster
mid30621,NOTblockBuster
mid9305,blockBuster
mid26706,blockBuster
mid26349,NOTblockBuster
mid30888,NOTblockBuster
mid78180,NOTblockBuster
mid29617,blockBuster
mid5069,NOTblockBuster
mid61125,NOTblockBuster
mid83763,NOTblockBuster
mid53912,NOTblockBuster
mid53677,blockBuster
mid100497,NOTblockBuster
mid51755,NOTblockBuster
mid69427,NOTblockBuster
mid6810,NOTblockBuster
mid20287,NOTblockBuster
mid20356,NOTblockBuster
mid45995,blockBuster
mid10671,NOTblockBuster
mid37173,NOTblockBuster
mid54707,NOTblockBuster
mid74491,NOTblockBuster
mid64484,NOTblockBuster
mid34240,NOTblockBuster
mid48675,blockBuster
mid51407,blockBuster
mid10626,blockBuster
mid49353,NOTblockBuster
mid44313,blockBuster
mid66226,NOTblockBuster
mid6,NOTblockBuster
mid97372,NOTblockBuster
mid39994,NOTblockBuster
mid21724,blockBuster
mid87452,NOTblockBuster
mid84058,NOTblockBuster
mid12576,blockBuster
mid38448,NOTblockBuster
mid18305,NOTblockBuster
mid53685,NOTblockBuster
mid11778,NOTblockBuster
mid2159,NOTblockBuster
mid12772,NOTblockBuster
mid54713,blockBuster
mid47971,blockBuster
mid32726,blockBuster
mid85434,NOTblockBuster
mid33361,blockBuster
mid43100,blockBuster
mid58235,NOTblockBuster
mid63788,NOTblockBuster
mid60830,blockBuster
mid26017,blockBuster
mid94217,blockBuster
mid70513,blockBuster
mid94219,blockBuster
mid21727,NOTblockBuster
mid90765,NOTblockBuster
mid21728,NOTblockBuster
mid66190,blockBuster
mid19266,NOTblockBuster
mid39100,blockBuster
mid93284,NOTblockBuster
mid38453,NOTblockBuster
mid99477,blockBuster
mid31268,NOTblockBuster
mid86218,NOTblockBuster
mid75832,NOTblockBuster
mid99940,blockBuster
mid8760,blockBuster
mid77504,blockBuster
mid81622,NOTblockBuster
mid99430,blockBuster
mid51420,blockBuster
mid29385,NOTblockBuster
mid63100,blockBuster
mid66819,NOTblockBuster
mid60229,blockBuster
mid21731,NOTblockBuster
mid4763,blockBuster
mid26018,blockBuster
mid56619,blockBuster
mid15496,NOTblockBuster
mid38515,blockBuster
mid21734,NOTblockBuster
mid20712,NOTblockBuster
mid10682,NOTblockBuster
mid65166,NOTblockBuster
mid38184,NOTblockBuster
mid72537,NOTblockBuster
mid30678,blockBuster
mid19600,blockBuster
mid87535,blockBuster
mid258,NOTblockBuster
mid40199,NOTblockBuster
mid28640,NOTblockBuster
mid22371,NOTblockBuster
mid15560,NOTblockBuster
mid76230,blockBuster
mid4225,blockBuster
mid46740,NOTblockBuster
mid10411,NOTblockBuster
mid35618,NOTblockBuster
mid51784,blockBuster
mid80448,blockBuster
mid58344,NOTblockBuster
mid13728,blockBuster
mid72539,blockBuster
mid51497,NOTblockBuster
mid101950,NOTblockBuster
mid34333,blockBuster
mid48371,blockBuster
mid48030,NOTblockBuster
mid32741,blockBuster
mid32279,blockBuster
mid32501,NOTblockBuster
mid266,blockBuster
mid22373,blockBuster
mid19314,NOTblockBuster
mid69933,NOTblockBuster
mid59411,blockBuster
mid84410,NOTblockBuster
mid91344,NOTblockBuster
mid4767,NOTblockBuster
mid93868,blockBuster
mid10765,NOTblockBuster
mid76299,blockBuster
mid59039,blockBuster
mid54830,blockBuster
mid12790,blockBuster
mid48690,NOTblockBuster
mid48033,NOTblockBuster
mid85191,NOTblockBuster
mid23601,NOTblockBuster
mid69934,NOTblockBuster
mid100945,NOTblockBuster
mid30067,NOTblockBuster
mid93942,NOTblockBuster
mid571,NOTblockBuster
mid100629,NOTblockBuster
mid53983,NOTblockBuster
mid35718,NOTblockBuster
mid91125,blockBuster
mid16069,NOTblockBuster
mid66244,blockBuster
mid38842,NOTblockBuster
mid4305,blockBuster
mid20439,blockBuster
mid42335,NOTblockBuster
mid58395,blockBuster
mid85193,blockBuster
mid95543,NOTblockBuster
mid101222,blockBuster
mid32510,blockBuster
mid29779,blockBuster
mid100892,NOTblockBuster
mid90832,NOTblockBuster
mid30076,blockBuster
mid91391,blockBuster
mid12664,NOTblockBuster
mid53996,NOTblockBuster
mid90443,NOTblockBuster
mid39756,NOTblockBuster
mid7905,NOTblockBuster
mid21748,NOTblockBuster
mid100233,blockBuster
mid14392,NOTblockBuster
mid69819,blockBuster
mid69820,blockBuster
mid99998,blockBuster
mid659,NOTblockBuster
mid55081,NOTblockBuster
mid45001,blockBuster
mid13476,blockBuster
mid92546,NOTblockBuster
mid9333,NOTblockBuster
mid19400,blockBuster
mid44620,NOTblockBuster
mid22451,NOTblockBuster
mid66298,NOTblockBuster
mid53493,blockBuster
mid91358,blockBuster
mid73466,blockBuster
mid66251,NOTblockBuster
mid91361,blockBuster
mid17297,NOTblockBuster
mid80743,blockBuster
mid11132,NOTblockBuster
mid86300,NOTblockBuster
mid53116,NOTblockBuster
mid14131,blockBuster
mid89535,blockBuster
mid85557,NOTblockBuster
mid82558,NOTblockBuster
mid13744,NOTblockBuster
mid45681,NOTblockBuster
mid102333,NOTblockBuster
mid664,blockBuster
mid2531,NOTblockBuster
mid41421,blockBuster
mid10432,blockBuster
mid48045,blockBuster
mid61565,blockBuster
mid66590,NOTblockBuster
mid41695,NOTblockBuster
mid29791,blockBuster
mid66920,blockBuster
mid100682,NOTblockBuster
mid57281,NOTblockBuster
mid24212,NOTblockBuster
mid66302,blockBuster
mid77143,blockBuster
mid93632,blockBuster
mid79911,blockBuster
mid87560,blockBuster
mid34975,blockBuster
mid56916,NOTblockBuster
mid69828,NOTblockBuster
mid55759,blockBuster
mid14404,NOTblockBuster
mid13098,blockBuster
mid102613,NOTblockBuster
mid26491,blockBuster
mid31084,blockBuster
mid67245,blockBuster
mid63526,blockBuster
mid42308,blockBuster
mid5289,blockBuster
mid35748,NOTblockBuster
mid46900,NOTblockBuster
mid41423,blockBuster
