url-faculty-texas-00345,faculty
url-course-texas-00064,course
url-course-texas-00057,course
url-department-texas-01425,department
url-student-texas-00992,student
url-project-texas-00492,project
url-student-texas-00899,student
url-student-texas-00934,student
url-student-texas-00953,student
url-course-texas-01132,course
url-project-texas-00486,project
url-faculty-texas-00339,faculty
url-student-texas-00972,student
url-student-texas-00994,student
url-student-texas-01213,student
url-course-texas-00050,course
url-department-texas-01430,department
url-course-texas-00043,course
url-student-texas-00872,student
url-faculty-texas-00309,faculty
url-student-texas-00907,student
url-student-texas-00965,student
url-project-texas-00487,project
url-student-texas-00969,student
url-student-texas-00905,student
url-student-texas-00947,student
url-course-texas-00076,course
url-faculty-texas-00306,faculty
url-student-texas-00928,student
url-faculty-texas-00344,faculty
url-faculty-texas-00327,faculty
url-project-texas-00490,project
url-student-texas-00879,student
url-course-texas-00074,course
url-course-texas-01143,course
url-project-texas-00495,project
url-student-texas-00881,student
url-student-texas-00884,student
url-department-texas-01401,department
url-student-texas-00997,student
url-student-texas-00933,student
url-project-texas-00503,project
url-student-texas-00982,student
url-student-texas-00915,student
url-student-texas-00902,student
url-student-texas-00935,student
url-department-texas-01423,department
url-student-texas-00894,student
url-student-texas-00954,student
url-student-texas-00964,student
url-student-texas-00886,student
url-department-texas-01424,department
url-department-texas-01398,department
url-project-texas-01175,project
url-course-texas-00056,course
url-student-texas-00931,student
url-student-texas-00988,student
url-student-texas-00863,student
url-student-texas-00959,student
url-student-texas-00973,student
url-faculty-texas-00324,faculty
url-department-texas-01431,department
url-faculty-texas-00321,faculty
url-course-texas-00044,course
url-course-texas-00075,course
url-course-texas-00068,course
url-student-texas-00946,student
url-faculty-texas-00310,faculty
url-faculty-texas-00338,faculty
url-faculty-texas-00319,faculty
url-student-texas-00966,student
url-faculty-texas-00322,faculty
url-student-texas-00920,student
url-course-texas-00041,course
url-course-texas-01138,course
url-department-texas-01413,department
url-course-texas-00063,course
url-department-texas-01420,department
url-student-texas-00904,student
url-student-texas-00932,student
url-student-texas-00880,student
url-course-texas-00055,course
url-student-texas-00887,student
url-project-texas-01168,project
url-faculty-texas-01153,faculty
url-course-texas-01144,course
url-student-texas-00936,student
url-student-texas-00914,student
url-faculty-texas-00303,faculty
url-student-texas-00921,student
url-course-texas-00073,course
url-department-texas-01406,department
url-project-texas-00494,project
url-project-texas-00500,project
url-project-texas-01173,project
url-student-texas-00996,student
url-student-texas-01214,student
url-student-texas-00974,student
url-student-texas-00924,student
url-course-texas-01133,course
url-course-texas-00045,course
url-student-texas-00900,student
url-student-texas-01208,student
url-department-texas-01411,department
url-student-texas-00864,student
url-student-texas-00857,student
url-department-texas-01412,department
url-student-texas-00989,student
url-department-texas-01422,department
url-student-texas-00985,student
url-faculty-texas-00304,faculty
url-faculty-texas-00337,faculty
url-student-texas-00960,student
url-project-texas-01174,project
url-student-texas-00913,student
url-student-texas-00853,student
url-course-texas-01141,course
url-student-texas-00870,student
url-course-texas-01135,course
url-student-texas-00895,student
url-department-texas-01410,department
url-student-texas-00877,student
url-faculty-texas-00340,faculty
url-department-texas-01397,department
url-course-texas-00062,course
url-faculty-texas-00346,faculty
url-faculty-texas-00328,faculty
url-student-texas-00967,student
url-department-texas-01407,department
url-student-texas-00945,student
url-student-texas-00923,student
url-faculty-texas-00311,faculty
url-course-texas-00067,course
url-course-texas-00054,course
url-faculty-texas-00313,faculty
url-course-texas-00046,course
url-student-texas-01215,student
url-department-texas-01432,department
url-department-texas-01415,department
url-faculty-texas-00336,faculty
url-student-texas-00871,student
url-student-texas-00865,student
url-faculty-texas-00305,faculty
url-student-texas-00910,student
url-student-texas-01203,student
url-student-texas-00957,student
url-course-texas-00077,course
url-course-texas-01147,course
url-faculty-texas-00323,faculty
url-student-texas-00975,student
url-student-texas-00958,student
url-student-texas-00888,student
url-student-texas-00878,student
url-department-texas-01426,department
url-student-texas-00951,student
url-student-texas-00952,student
url-student-texas-00854,student
url-course-texas-00053,course
url-faculty-texas-00329,faculty
url-student-texas-00986,student
url-department-texas-01427,department
url-project-texas-00497,project
url-student-texas-00987,student
url-student-texas-00912,student
url-student-texas-00944,student
url-student-texas-00980,student
url-faculty-texas-00320,faculty
url-student-texas-00922,student
url-student-texas-00903,student
url-faculty-texas-00314,faculty
url-student-texas-00968,student
url-faculty-texas-00312,faculty
url-student-texas-01216,student
url-student-texas-00896,student
url-course-texas-00061,course
url-student-texas-00995,student
url-student-texas-00929,student
url-student-texas-00926,student
url-student-texas-00916,student
url-course-texas-00059,course
url-course-texas-00060,course
url-faculty-texas-00302,faculty
url-department-texas-01404,department
url-department-texas-01414,department
url-faculty-texas-00343,faculty
url-student-texas-00874,student
url-faculty-texas-00315,faculty
url-student-texas-00943,student
url-student-texas-00860,student
url-staff-texas-01183,staff
url-student-texas-00876,student
url-student-texas-00911,student
url-student-texas-00893,student
url-faculty-texas-01152,faculty
url-course-texas-00071,course
url-staff-texas-01182,staff
url-course-texas-00040,course
url-student-texas-00892,student
url-student-texas-00867,student
url-course-texas-00069,course
url-student-texas-00909,student
url-student-texas-01205,student
url-course-texas-00047,course
url-faculty-texas-00334,faculty
url-student-texas-01209,student
url-course-texas-01140,course
url-student-texas-00950,student
url-project-texas-00496,project
url-project-texas-00501,project
url-department-texas-01417,department
url-student-texas-00976,student
url-student-texas-00883,student
url-student-texas-01206,student
url-department-texas-01429,department
url-student-texas-00855,student
url-faculty-texas-00335,faculty
url-student-texas-01217,student
url-faculty-texas-00316,faculty
url-student-texas-00949,student
url-course-texas-01134,course
url-student-texas-00875,student
url-student-texas-00962,student
url-course-texas-00052,course
url-student-texas-00942,student
url-student-texas-00940,student
url-student-texas-00925,student
url-student-texas-00917,student
url-faculty-texas-00301,faculty
url-student-texas-01207,student
url-course-texas-00066,course
url-student-texas-00927,student
url-staff-texas-01181,staff
url-course-texas-00042,course
url-faculty-texas-00307,faculty
url-course-texas-00049,course
url-project-texas-00499,project
url-department-texas-01402,department
url-department-texas-01405,department
url-faculty-texas-00332,faculty
url-student-texas-00851,student
url-department-texas-01416,department
url-student-texas-00970,student
url-student-texas-00868,student
url-student-texas-00993,student
url-department-texas-01428,department
url-course-texas-00048,course
url-student-texas-00889,student
url-faculty-texas-01155,faculty
url-project-texas-01166,project
url-student-texas-00882,student
url-student-texas-00856,student
url-course-texas-00070,course
url-student-texas-00990,student
url-student-texas-00984,student
url-course-texas-00051,course
url-student-texas-00977,student
url-faculty-texas-00330,faculty
url-student-texas-00858,student
url-student-texas-00901,student
url-course-texas-01146,course
url-student-texas-00971,student
url-faculty-texas-00342,faculty
url-faculty-texas-01154,faculty
url-student-texas-00852,student
url-faculty-texas-00331,faculty
url-department-texas-01403,department
url-faculty-texas-00333,faculty
url-student-texas-00939,student
url-student-texas-00862,student
url-student-texas-00869,student
url-faculty-texas-00317,faculty
url-course-texas-00065,course
url-student-texas-00941,student
url-project-texas-01170,project
url-department-texas-01408,department
url-faculty-texas-00308,faculty
url-student-texas-00866,student
url-faculty-texas-00325,faculty
url-student-texas-00963,student
url-student-texas-00930,student
url-staff-texas-00556,staff
url-project-texas-00498,project
url-course-texas-01137,course
url-student-texas-00955,student
url-project-texas-00488,project
url-student-texas-00978,student
url-student-texas-00919,student
url-course-texas-01139,course
url-course-texas-01145,course
url-student-texas-01210,student
url-student-texas-01204,student
url-student-texas-01212,student
url-student-texas-01211,student
url-student-texas-00981,student
url-student-texas-00898,student
url-student-texas-00897,student
url-student-texas-00885,student
url-project-texas-01165,project
url-project-texas-01169,project
url-department-texas-01419,department
url-course-texas-00072,course
url-student-texas-00891,student
url-student-texas-00873,student
url-project-texas-00493,project
url-project-texas-01171,project
url-project-texas-01167,project
url-project-texas-00502,project
url-faculty-texas-00341,faculty
url-faculty-texas-00326,faculty
url-department-texas-01399,department
url-student-texas-00983,student
url-department-texas-01421,department
url-student-texas-00991,student
url-course-texas-01136,course
url-faculty-texas-00318,faculty
url-student-texas-00906,student
url-student-texas-00890,student
url-department-texas-01409,department
url-student-texas-00861,student
url-student-texas-00850,student
url-student-texas-00938,student
url-student-texas-00859,student
url-student-texas-00908,student
url-course-texas-00058,course
url-staff-texas-00557,staff
url-student-texas-00937,student
url-course-texas-01142,course
url-staff-texas-00555,staff
url-student-texas-00979,student
url-student-texas-00961,student
url-student-texas-00918,student
url-department-texas-01400,department
url-student-texas-00948,student
url-department-texas-01418,department
url-project-texas-00491,project
url-student-texas-00956,student
url-project-texas-00489,project
url-project-texas-01172,project
