url-student-washington-00800,student
url-course-washington-01258,course
url-student-washington-00829,student
url-student-washington-00756,student
url-course-washington-00116,course
url-student-washington-00758,student
url-student-washington-00790,student
url-course-washington-00090,course
url-course-washington-01244,course
url-project-washington-00482,project
url-course-washington-00088,course
url-course-washington-01230,course
url-course-washington-00127,course
url-student-washington-00735,student
url-faculty-washington-00355,faculty
url-faculty-washington-00370,faculty
url-student-washington-00822,student
url-department-washington-01441,department
url-project-washington-01335,project
url-student-washington-00781,student
url-student-washington-00797,student
url-student-washington-01348,student
url-course-washington-00144,course
url-course-washington-00109,course
url-student-washington-00840,student
url-department-washington-01451,department
url-faculty-washington-01315,faculty
url-student-washington-00730,student
url-student-washington-00766,student
url-course-washington-00122,course
url-project-washington-01341,project
url-faculty-washington-00363,faculty
url-faculty-washington-01312,faculty
url-course-washington-01233,course
url-course-washington-01281,course
url-course-washington-00121,course
url-course-washington-01223,course
url-project-washington-01327,project
url-course-washington-00102,course
url-project-washington-01337,project
url-staff-washington-00564,staff
url-student-washington-01371,student
url-course-washington-00115,course
url-faculty-washington-00352,faculty
url-student-washington-00736,student
url-student-washington-00843,student
url-student-washington-01366,student
url-faculty-washington-00360,faculty
url-department-washington-01444,department
url-course-washington-00091,course
url-course-washington-00098,course
url-course-washington-01311,course
url-course-washington-01300,course
url-course-washington-01234,course
url-project-washington-01342,project
url-course-washington-01260,course
url-student-washington-00765,student
url-course-washington-00128,course
url-student-washington-00834,student
url-faculty-washington-01317,faculty
url-student-washington-00787,student
url-staff-washington-00551,staff
url-course-washington-01253,course
url-faculty-washington-01314,faculty
url-student-washington-00782,student
url-course-washington-01255,course
url-student-washington-00757,student
url-student-washington-00755,student
url-student-washington-00816,student
url-course-washington-01231,course
url-course-washington-01302,course
url-course-washington-00137,course
url-course-washington-01243,course
url-course-washington-00132,course
url-department-washington-01452,department
url-course-washington-01299,course
url-faculty-washington-00361,faculty
url-project-washington-01326,project
url-student-washington-00774,student
url-course-washington-00143,course
url-faculty-washington-00371,faculty
url-student-washington-00728,student
url-project-washington-00465,project
url-student-washington-00841,student
url-student-washington-00823,student
url-student-washington-00789,student
url-project-washington-01338,project
url-course-washington-01282,course
url-student-washington-01353,student
url-course-washington-01287,course
url-course-washington-00081,course
url-course-washington-00146,course
url-course-washington-01222,course
url-student-washington-00725,student
url-student-washington-00799,student
url-student-washington-00813,student
url-faculty-washington-00347,faculty
url-student-washington-00764,student
url-course-washington-00117,course
url-course-washington-00101,course
url-course-washington-00104,course
url-faculty-washington-00377,faculty
url-course-washington-01277,course
url-student-washington-00835,student
url-department-washington-01437,department
url-faculty-washington-00353,faculty
url-course-washington-01276,course
url-course-washington-00113,course
url-student-washington-00826,student
url-student-washington-00733,student
url-student-washington-00798,student
url-student-washington-00741,student
url-student-washington-00773,student
url-project-washington-00466,project
url-department-washington-01433,department
url-course-washington-01295,course
url-faculty-washington-01322,faculty
url-student-washington-00745,student
url-student-washington-00740,student
url-course-washington-01291,course
url-course-washington-00142,course
url-student-washington-01362,student
url-course-washington-00107,course
url-student-washington-00846,student
url-student-washington-00814,student
url-student-washington-00820,student
url-student-washington-01364,student
url-department-washington-01442,department
url-course-washington-01219,course
url-course-washington-01301,course
url-course-washington-01256,course
url-student-washington-00792,student
url-student-washington-00726,student
url-department-washington-01449,department
url-project-washington-01329,project
url-course-washington-01242,course
url-course-washington-01303,course
url-faculty-washington-00368,faculty
url-course-washington-00092,course
url-course-washington-01254,course
url-student-washington-00763,student
url-student-washington-00737,student
url-faculty-washington-00350,faculty
url-faculty-washington-00376,faculty
url-course-washington-00124,course
url-faculty-washington-01320,faculty
url-student-washington-00848,student
url-course-washington-01279,course
url-student-washington-00754,student
url-project-washington-00476,project
url-course-washington-01307,course
url-project-washington-01339,project
url-student-washington-00827,student
url-course-washington-00114,course
url-student-washington-00746,student
url-student-washington-00776,student
url-course-washington-01221,course
url-course-washington-01249,course
url-student-washington-00832,student
url-course-washington-00100,course
url-course-washington-00079,course
url-course-washington-00094,course
url-course-washington-01228,course
url-student-washington-00809,student
url-course-washington-00134,course
url-student-washington-00748,student
url-student-washington-01367,student
url-course-washington-01308,course
url-course-washington-00139,course
url-student-washington-00760,student
url-faculty-washington-01313,faculty
url-student-washington-00772,student
url-project-washington-00483,project
url-student-washington-00815,student
url-student-washington-01352,student
url-course-washington-01296,course
url-student-washington-01370,student
url-course-washington-01274,course
url-faculty-washington-01323,faculty
url-course-washington-01259,course
url-course-washington-01278,course
url-project-washington-00467,project
url-student-washington-00821,student
url-department-washington-01434,department
url-course-washington-00140,course
url-project-washington-01330,project
url-department-washington-01450,department
url-course-washington-01292,course
url-student-washington-00780,student
url-course-washington-01252,course
url-project-washington-01340,project
url-course-washington-00093,course
url-student-washington-00847,student
url-faculty-washington-00351,faculty
url-student-washington-00828,student
url-course-washington-01263,course
url-project-washington-00478,project
url-project-washington-00471,project
url-course-washington-01251,course
url-student-washington-01355,student
url-student-washington-01369,student
url-student-washington-00727,student
url-course-washington-01270,course
url-project-washington-00477,project
url-course-washington-00111,course
url-staff-washington-00563,staff
url-course-washington-00129,course
url-student-washington-00845,student
url-course-washington-01232,course
url-department-washington-01439,department
url-student-washington-00738,student
url-course-washington-01289,course
url-student-washington-01358,student
url-course-washington-00095,course
url-faculty-washington-00375,faculty
url-student-washington-00808,student
url-course-washington-01280,course
url-student-washington-00762,student
url-student-washington-00793,student
url-course-washington-01220,course
url-student-washington-01344,student
url-student-washington-00830,student
url-course-washington-01241,course
url-course-washington-00141,course
url-student-washington-01347,student
url-project-washington-00468,project
url-course-washington-01227,course
url-student-washington-00833,student
url-course-washington-01298,course
url-course-washington-00089,course
url-course-washington-01286,course
url-course-washington-01288,course
url-course-washington-01297,course
url-course-washington-00096,course
url-faculty-washington-00374,faculty
url-project-washington-00479,project
url-student-washington-01354,student
url-student-washington-00747,student
url-student-washington-01363,student
url-course-washington-00119,course
url-department-washington-01440,department
url-course-washington-00148,course
url-course-washington-00083,course
url-student-washington-00761,student
url-course-washington-00112,course
url-course-washington-01264,course
url-student-washington-00825,student
url-project-washington-00485,project
url-student-washington-00794,student
url-student-washington-00838,student
url-project-washington-00472,project
url-student-washington-00742,student
url-course-washington-01240,course
url-course-washington-00131,course
url-student-washington-00759,student
url-faculty-washington-00359,faculty
url-department-washington-01435,department
url-student-washington-01359,student
url-department-washington-01447,department
url-student-washington-00739,student
url-student-washington-00771,student
url-student-washington-00844,student
url-student-washington-01346,student
url-project-washington-01331,project
url-project-washington-00469,project
url-course-washington-00154,course
url-student-washington-00777,student
url-course-washington-00136,course
url-course-washington-00149,course
url-student-washington-00752,student
url-course-washington-01309,course
url-student-washington-00849,student
url-student-washington-00812,student
url-course-washington-01266,course
url-staff-washington-00554,staff
url-course-washington-00097,course
url-course-washington-01283,course
url-faculty-washington-00369,faculty
url-student-washington-00831,student
url-student-washington-01345,student
url-student-washington-00775,student
url-course-washington-01247,course
url-student-washington-00803,student
url-course-washington-01294,course
url-student-washington-00779,student
url-course-washington-01226,course
url-course-washington-00110,course
url-course-washington-00108,course
url-student-washington-00784,student
url-course-washington-00084,course
url-project-washington-00484,project
url-project-washington-01334,project
url-course-washington-01218,course
url-course-washington-00152,course
url-course-washington-01265,course
url-faculty-washington-00373,faculty
url-student-washington-00805,student
url-staff-washington-00560,staff
url-student-washington-00839,student
url-faculty-washington-01321,faculty
url-course-washington-00105,course
url-student-washington-00751,student
url-course-washington-01238,course
url-department-washington-01436,department
url-student-washington-01356,student
url-course-washington-01239,course
url-student-washington-00795,student
url-faculty-washington-00358,faculty
url-department-washington-01448,department
url-student-washington-00788,student
url-faculty-washington-00356,faculty
url-project-washington-00473,project
url-student-washington-01365,student
url-course-washington-01271,course
url-student-washington-00731,student
url-course-washington-01306,course
url-student-washington-00804,student
url-student-washington-00753,student
url-course-washington-01261,course
url-course-washington-00099,course
url-course-washington-01267,course
url-student-washington-01368,student
url-course-washington-01229,course
url-faculty-washington-01316,faculty
url-student-washington-00819,student
url-course-washington-00078,course
url-course-washington-00123,course
url-course-washington-00133,course
url-faculty-washington-00366,faculty
url-student-washington-00778,student
url-faculty-washington-00365,faculty
url-student-washington-00724,student
url-course-washington-00153,course
url-student-washington-00729,student
url-staff-washington-00561,staff
url-course-washington-01275,course
url-project-washington-01325,project
url-faculty-washington-01324,faculty
url-course-washington-00147,course
url-faculty-washington-00348,faculty
url-student-washington-01361,student
url-course-washington-00085,course
url-course-washington-00106,course
url-student-washington-00796,student
url-student-washington-00836,student
url-student-washington-00802,student
url-project-washington-01343,project
url-staff-washington-00559,staff
url-course-washington-01273,course
url-course-washington-01236,course
url-faculty-washington-00357,faculty
url-course-washington-00118,course
url-course-washington-00086,course
url-course-washington-01225,course
url-course-washington-00138,course
url-student-washington-01349,student
url-student-washington-01357,student
url-faculty-washington-00372,faculty
url-course-washington-01248,course
url-course-washington-01290,course
url-student-washington-00824,student
url-department-washington-01438,department
url-course-washington-00145,course
url-student-washington-00768,student
url-course-washington-01224,course
url-course-washington-01272,course
url-course-washington-01304,course
url-student-washington-00749,student
url-student-washington-00734,student
url-course-washington-01268,course
url-course-washington-00103,course
url-project-washington-00481,project
url-student-washington-00744,student
url-course-washington-01310,course
url-course-washington-01235,course
url-student-washington-00810,student
url-student-washington-00770,student
url-student-washington-00783,student
url-course-washington-01262,course
url-course-washington-00126,course
url-staff-washington-00552,staff
url-project-washington-00474,project
url-student-washington-00785,student
url-student-washington-00807,student
url-student-washington-00750,student
url-course-washington-01257,course
url-faculty-washington-00349,faculty
url-department-washington-01445,department
url-course-washington-01293,course
url-student-washington-01350,student
url-student-washington-00818,student
url-student-washington-00837,student
url-course-washington-01237,course
url-course-washington-00125,course
url-student-washington-00801,student
url-course-washington-01250,course
url-department-washington-01443,department
url-faculty-washington-00354,faculty
url-course-washington-00080,course
url-project-washington-01336,project
url-project-washington-01332,project
url-course-washington-00150,course
url-faculty-washington-00367,faculty
url-staff-washington-00562,staff
url-project-washington-01328,project
url-student-washington-00767,student
url-course-washington-01285,course
url-student-washington-01360,student
url-course-washington-01245,course
url-course-washington-00151,course
url-course-washington-01269,course
url-course-washington-00087,course
url-course-washington-00130,course
url-faculty-washington-01318,faculty
url-project-washington-01333,project
url-student-washington-00817,student
url-course-washington-01305,course
url-course-washington-00120,course
url-course-washington-00082,course
url-faculty-washington-00362,faculty
url-student-washington-00769,student
url-course-washington-00135,course
url-student-washington-00842,student
url-faculty-washington-00364,faculty
url-department-washington-01446,department
url-project-washington-00480,project
url-student-washington-00743,student
url-faculty-washington-01319,faculty
url-student-washington-01351,student
url-student-washington-00786,student
url-course-washington-01246,course
url-staff-washington-00553,staff
url-student-washington-00806,student
url-project-washington-00475,project
